Game ID,Name,Playtime (2 weeks),Playtime (forever),Icon URL
108710,Alan Wake,0,1085,http://media.steampowered.com/steamcommunity/public/images/apps/108710/ec7953511aaaf5a2c2093b872b5b43c6cab56462.jpg
214490,Alien: Isolation,0,1165,http://media.steampowered.com/steamcommunity/public/images/apps/214490/7bf964858835da75630a43ac0ddbf0f66a40902f.jpg
274310,Always Sometimes Monsters,0,77,http://media.steampowered.com/steamcommunity/public/images/apps/274310/b8d6a2bc557097acd2f3bdfe98a78710911b9279.jpg
250620,Among the Sleep,0,254,http://media.steampowered.com/steamcommunity/public/images/apps/250620/867def7ce49a576ca1c9916d509364c5eacef090.jpg
55040,Atom Zombie Smasher ,0,611,http://media.steampowered.com/steamcommunity/public/images/apps/55040/1def7881c31f5d65c3892056adefa418e127523e.jpg
31290,Back to the Future: Ep 1 - It's About Time,0,0,http://media.steampowered.com/steamcommunity/public/images/apps/31290/a9a9b1683209e3223779ad2315e4bf03e27619d7.jpg
107100,Bastion,0,561,http://media.steampowered.com/steamcommunity/public/images/apps/107100/8377b4460f19465c261673f76f2656bdb3288273.jpg
573100,Battlefleet Gothic: Armada 2,0,6080,http://media.steampowered.com/steamcommunity/public/images/apps/573100/081ca037fb5e0e2c2838e3bc0e4b30ab36b89c75.jpg
544610,Battlestar Galactica Deadlock,0,1122,http://media.steampowered.com/steamcommunity/public/images/apps/544610/9f04e46ee137eac4bcd300c566c91c858abb3c55.jpg
363680,Battlefleet Gothic: Armada,0,1844,http://media.steampowered.com/steamcommunity/public/images/apps/363680/76c587673e5491bb2381921bcfd01be616a04d38.jpg
303210,The Beginner's Guide,0,89,http://media.steampowered.com/steamcommunity/public/images/apps/303210/335470301322904bd6eeb32076595df7a811e015.jpg
113200,The Binding of Isaac,0,4988,http://media.steampowered.com/steamcommunity/public/images/apps/113200/383cf045ca20625db18f68ef5e95169012118b9e.jpg
250900,The Binding of Isaac: Rebirth,0,21641,http://media.steampowered.com/steamcommunity/public/images/apps/250900/16d46c8630499bfc54d20745ac90786a302cd643.jpg
7670,BioShock,0,0,http://media.steampowered.com/steamcommunity/public/images/apps/7670/9a7c9f640a76e6a32592277dbbc36a0f6da05372.jpg
409710,BioShock Remastered,0,394,http://media.steampowered.com/steamcommunity/public/images/apps/409710/eb72262cd3ccc3219dd76392be3b60a4b6cbfd38.jpg
91310,Dead Island,0,2248,http://media.steampowered.com/steamcommunity/public/images/apps/91310/1df9ab123c2180d8933038be7578a21e2442befb.jpg
45740,Dead Rising 2,0,1192,http://media.steampowered.com/steamcommunity/public/images/apps/45740/1a8ab50763c91798622cc43eaad21960bf4d4b1a.jpg
45770,Dead Rising 2: Off the Record,0,1104,http://media.steampowered.com/steamcommunity/public/images/apps/45770/390b241cf36d54a3cb59be36a72c35ed41f6172b.jpg
17470,Dead Space (2008),0,0,http://media.steampowered.com/steamcommunity/public/images/apps/17470/45e682594687a6c92037631225340d26c783362f.jpg
47780,Dead Space 2,0,667,http://media.steampowered.com/steamcommunity/public/images/apps/47780/6393351676edc4fdc65937a599780818fd2f18b7.jpg
18500,Defense Grid: The Awakening,0,745,http://media.steampowered.com/steamcommunity/public/images/apps/18500/57c5924a97a1c43971acc05590952eddec21c313.jpg
803330,Destroy All Humans!,0,776,http://media.steampowered.com/steamcommunity/public/images/apps/803330/f6679705155ed59580d9d6c9a8b13b577c9db776.jpg
28050,Deus Ex: Human Revolution,0,0,http://media.steampowered.com/steamcommunity/public/images/apps/28050/6c7ccd62c124ae63820e06ed9b24d4559c5b0b1f.jpg
238010,Deus Ex: Human Revolution - Director's Cut,0,2146,http://media.steampowered.com/steamcommunity/public/images/apps/238010/6c7ccd62c124ae63820e06ed9b24d4559c5b0b1f.jpg
230050,DLC Quest,0,176,http://media.steampowered.com/steamcommunity/public/images/apps/230050/536d9d40797d6b19c1e010b27b42c4ebf405472c.jpg
270310,Dominique Pamplemousse,0,63,http://media.steampowered.com/steamcommunity/public/images/apps/270310/29ac4df6b5b20cf2a7bbf236013aebb8c6cfc3fd.jpg
702670,Donut County,0,92,http://media.steampowered.com/steamcommunity/public/images/apps/702670/c9a5bdbeb3d74b0926e8abbecdca904ee32d6184.jpg
2280,DOOM (1993),0,0,http://media.steampowered.com/steamcommunity/public/images/apps/2280/3e5e70b1e0c4869dc3276b10b830f6ce9d341cf9.jpg
2290,Final DOOM,0,9,http://media.steampowered.com/steamcommunity/public/images/apps/2290/5d0621ab96bf6b01213149e02e38e7155cb2c9ed.jpg
2300,DOOM II,0,0,http://media.steampowered.com/steamcommunity/public/images/apps/2300/ca71be262e191f3fdb2148f5ae56ff3e2ca340c2.jpg
9160,Master Levels for DOOM II,0,67,http://media.steampowered.com/steamcommunity/public/images/apps/9160/bd129198b6a3c52f248dc5859f9131b527f4acd6.jpg
379720,DOOM,0,1084,http://media.steampowered.com/steamcommunity/public/images/apps/379720/b6e72ff47d1990cb644700751eeeff14e0aba6dc.jpg
782330,DOOM Eternal,0,1731,http://media.steampowered.com/steamcommunity/public/images/apps/782330/14235f425d27ab3b83661ba14c17d22dc90e566b.jpg
249050,Dungeon of the ENDLESS™,0,1258,http://media.steampowered.com/steamcommunity/public/images/apps/249050/19f66db5192b05b71068dd243729c3d8b0d71f65.jpg
35480,Dwarfs!?,0,244,http://media.steampowered.com/steamcommunity/public/images/apps/35480/aea074ae0727b262068eb0bd8d9b285fcdfb18c8.jpg
22380,Fallout: New Vegas,0,3878,http://media.steampowered.com/steamcommunity/public/images/apps/22380/1711fd8c46d739feec76bd4a64eaeeca5b87e3a7.jpg
38400,Fallout,0,0,http://media.steampowered.com/steamcommunity/public/images/apps/38400/df0001a1aa011e6c7a8f38a65908070eba3d2f61.jpg
38410,Fallout 2,0,1366,http://media.steampowered.com/steamcommunity/public/images/apps/38410/df0001a1aa011e6c7a8f38a65908070eba3d2f61.jpg
22370,Fallout 3 - Game of the Year Edition,0,2419,http://media.steampowered.com/steamcommunity/public/images/apps/22370/21d7090bdea8f6685ca730850b7b55acfdb92732.jpg
13520,Far Cry,0,0,http://media.steampowered.com/steamcommunity/public/images/apps/13520/76f5a80c061ffb5553619fc2b54e6e3a44dfd0fb.jpg
319510,Five Nights at Freddy's,0,97,http://media.steampowered.com/steamcommunity/public/images/apps/319510/5da39a273efa65643cf4c12025898da0076dad69.jpg
55000,Flotilla,0,192,http://media.steampowered.com/steamcommunity/public/images/apps/55000/96daf48f9a909cdeedfa2b5223470c45020e90b2.jpg
212680,FTL: Faster Than Light,0,1779,http://media.steampowered.com/steamcommunity/public/images/apps/212680/e8770ddb95fde0804694b116dfe3479f5a65900d.jpg
239820,Game Dev Tycoon,0,480,http://media.steampowered.com/steamcommunity/public/images/apps/239820/f63ee73113b0880922a84e8d6af0d222fef91c40.jpg
265930,Goat Simulator,0,632,http://media.steampowered.com/steamcommunity/public/images/apps/265930/edf6c28b83d5fc221338ff71d01caa11d11d3b50.jpg
12110,Grand Theft Auto: Vice City,0,49,http://media.steampowered.com/steamcommunity/public/images/apps/12110/5f7423da14152cfbe201103ceba3112988624a98.jpg
12120,Grand Theft Auto: San Andreas,0,0,http://media.steampowered.com/steamcommunity/public/images/apps/12120/895e9391da2b8155989022d9dd95b12e09766375.jpg
12240,Grand Theft Auto: Vice City,0,0,http://media.steampowered.com/steamcommunity/public/images/apps/12240/.jpg
12250,Grand Theft Auto: San Andreas,0,0,http://media.steampowered.com/steamcommunity/public/images/apps/12250/.jpg
323320,Grow Home,0,130,http://media.steampowered.com/steamcommunity/public/images/apps/323320/acd05186b5f70b1007745f38cb30c7be5488cb5d.jpg
214830,Half Minute Hero: Super Mega Neo Climax Ultimate Boy,0,383,http://media.steampowered.com/steamcommunity/public/images/apps/214830/6308689dd86dbfb4f18e82ab246bcdd68b46e914.jpg
70,Half-Life,0,892,http://media.steampowered.com/steamcommunity/public/images/apps/70/95be6d131fc61f145797317ca437c9765f24b41c.jpg
220,Half-Life 2,0,1397,http://media.steampowered.com/steamcommunity/public/images/apps/220/fcfb366051782b8ebf2aa297f3b746395858cb62.jpg
340,Half-Life 2: Lost Coast,0,16,http://media.steampowered.com/steamcommunity/public/images/apps/340/795e85364189511f4990861b578084deef086cb1.jpg
380,Half-Life 2: Episode One,0,236,http://media.steampowered.com/steamcommunity/public/images/apps/380/795e85364189511f4990861b578084deef086cb1.jpg
420,Half-Life 2: Episode Two,0,353,http://media.steampowered.com/steamcommunity/public/images/apps/420/795e85364189511f4990861b578084deef086cb1.jpg
222160,"Hamlet or the last game without MMORPG features, shaders and product placement",0,195,http://media.steampowered.com/steamcommunity/public/images/apps/222160/0c82e395002331d77d2d851b9df741eaa7dbec74.jpg
219150,Hotline Miami,0,282,http://media.steampowered.com/steamcommunity/public/images/apps/219150/493c0a3e823c60c14f91204526f26cc064ed7c84.jpg
204530,Infested Planet,0,687,http://media.steampowered.com/steamcommunity/public/images/apps/204530/1b0a0c55cf13f519b3b51a944692ce679297c8ab.jpg
21130,LEGO® Harry Potter: Years 1-4,0,64,http://media.steampowered.com/steamcommunity/public/images/apps/21130/49af7348b4b6c51181c6210cb91b858d497610a2.jpg
204120,LEGO® Harry Potter: Years 5-7,0,0,http://media.steampowered.com/steamcommunity/public/images/apps/204120/eb9617f00259ad2dee791ec91b4862447080f0cb.jpg
48000,LIMBO,0,162,http://media.steampowered.com/steamcommunity/public/images/apps/48000/463f57855017564301b17050fba73804b3bd86d6.jpg
221260,Little Inferno,0,173,http://media.steampowered.com/steamcommunity/public/images/apps/221260/478d0b4bbe94d5d6c5248e07f0da75cbe9f6ba95.jpg
233150,LUFTRAUSERS,0,288,http://media.steampowered.com/steamcommunity/public/images/apps/233150/bcf78988270db7bbac1a9622defc770b96e84702.jpg
43110,Metro 2033,0,16,http://media.steampowered.com/steamcommunity/public/images/apps/43110/a70fe6dc214f24107d20596f3040dbfa220ed42d.jpg
286690,Metro 2033 Redux,0,1021,http://media.steampowered.com/steamcommunity/public/images/apps/286690/353ea01a045c084215bca95519808eaa7319ce0c.jpg
287390,Metro: Last Light Redux,0,526,http://media.steampowered.com/steamcommunity/public/images/apps/287390/7139b7af2ad9d248d21e98302b964cd61474318c.jpg
241930,Middle-earth™: Shadow of Mordor™,0,1316,http://media.steampowered.com/steamcommunity/public/images/apps/241930/161afab3c9f725f593635723cc64a7fbeb324ead.jpg
226740,Monster Loves You!,0,59,http://media.steampowered.com/steamcommunity/public/images/apps/226740/b9787d4aea81e82e615a7f0501f2cd5df4280a61.jpg
253330,Neverending Nightmares,0,153,http://media.steampowered.com/steamcommunity/public/images/apps/253330/d6dcfb21c8e11eeefc83a5e0357f296ded8fb76e.jpg
102600,Orcs Must Die!,0,1875,http://media.steampowered.com/steamcommunity/public/images/apps/102600/0d14a70abb580146741de26bbad46d0ad81a67c7.jpg
201790,Orcs Must Die! 2,0,1936,http://media.steampowered.com/steamcommunity/public/images/apps/201790/fabd8658e8e76f7c99c56f26b69d29882756f9b4.jpg
491950,Orwell,0,216,http://media.steampowered.com/steamcommunity/public/images/apps/491950/b441225f23801a11dce373c2ee9caea2061b3858.jpg
238320,Outlast,0,330,http://media.steampowered.com/steamcommunity/public/images/apps/238320/46bd3df92d4693d3b2af113bf8f31c2cbdadb20a.jpg
27000,The Path,0,545,http://media.steampowered.com/steamcommunity/public/images/apps/27000/3921031bd7f10f594fb248d6378dd248c233a996.jpg
24240,PAYDAY: The Heist,0,3335,http://media.steampowered.com/steamcommunity/public/images/apps/24240/a07ceea8808f1a2104ed1c864756f263ec67df49.jpg
22120,Penumbra: Black Plague,0,337,http://media.steampowered.com/steamcommunity/public/images/apps/22120/ec88493c14d9e8b7f90bcc4c12841931dcf53611.jpg
22180,Penumbra: Overture,0,330,http://media.steampowered.com/steamcommunity/public/images/apps/22180/2db20eef4e5768a82d2cba3b62ec0e10bafc0c94.jpg
246620,Plague Inc: Evolved,0,2188,http://media.steampowered.com/steamcommunity/public/images/apps/246620/9e39dcfd5a300732c16111b268853ef11a0ba4d0.jpg
3590,Plants vs. Zombies: Game of the Year,0,30,http://media.steampowered.com/steamcommunity/public/images/apps/3590/d2a9c24de11210560f579e7fd9303960c5060155.jpg
400,Portal,0,424,http://media.steampowered.com/steamcommunity/public/images/apps/400/cfa928ab4119dd137e50d728e8fe703e4e970aff.jpg
620,Portal 2,0,1185,http://media.steampowered.com/steamcommunity/public/images/apps/620/2e478fc6874d06ae5baf0d147f6f21203291aa02.jpg
223470,POSTAL 2,0,2159,http://media.steampowered.com/steamcommunity/public/images/apps/223470/1b6787955f48e75db92205e7db5ad820cf7d5251.jpg
401680,POSTAL Redux,0,114,http://media.steampowered.com/steamcommunity/public/images/apps/401680/a57246bf84154f199a0233f735d89df5d1ff9ff2.jpg
223470,POSTAL 2,0,2159,http://media.steampowered.com/steamcommunity/public/images/apps/223470/1b6787955f48e75db92205e7db5ad820cf7d5251.jpg
402330,Press X to Not Die,0,94,http://media.steampowered.com/steamcommunity/public/images/apps/402330/605bbbde0ed07d8f6a4355d6a1a575e54609bbc0.jpg
405640,Pony Island,0,206,http://media.steampowered.com/steamcommunity/public/images/apps/405640/cbfb87666914abca2e7c06231eeb59ab2a1883e8.jpg
263420,Probably Archery,0,118,http://media.steampowered.com/steamcommunity/public/images/apps/263420/5462d80cf0783b98e39bb92737b6a91a6b01d04f.jpg
21690,Resident Evil 5,0,1227,http://media.steampowered.com/steamcommunity/public/images/apps/21690/26108f5caff3638c9f522dd79ee84a12761f373a.jpg
254700,Resident Evil 4 (2005),0,1975,http://media.steampowered.com/steamcommunity/public/images/apps/254700/535bfea3332662271f1e3a972832bc0b4aba5a38.jpg
304240,Resident Evil,0,1037,http://media.steampowered.com/steamcommunity/public/images/apps/304240/a60a960c76f26ab81773d4f2d372836db37a0012.jpg
883710,Resident Evil 2,0,805,http://media.steampowered.com/steamcommunity/public/images/apps/883710/86ef2fdebeced746313994ccf2d7afb1f2887bf0.jpg
952060,Resident Evil 3,0,452,http://media.steampowered.com/steamcommunity/public/images/apps/952060/136b7a39787b0d8df93cf3b757c36ae1eb392784.jpg
4760,Rome: Total War,0,9364,http://media.steampowered.com/steamcommunity/public/images/apps/4760/5dc68565149dc971af6428157bcb600d80690080.jpg
885970,Total War: ROME REMASTERED,0,1420,http://media.steampowered.com/steamcommunity/public/images/apps/885970/1e55ca21a5d86233ddca8dc0976b3093b0e09997.jpg
55230,Saints Row: The Third,0,2099,http://media.steampowered.com/steamcommunity/public/images/apps/55230/ec83645f13643999e7c91da75d418053d6b56529.jpg
206420,Saints Row IV,0,1910,http://media.steampowered.com/steamcommunity/public/images/apps/206420/211c502e385781a17b4d02cad7a3ef53f09f1e91.jpg
301910,Saints Row: Gat out of Hell,0,244,http://media.steampowered.com/steamcommunity/public/images/apps/301910/7e817d02a9e0a52cdc171a006a8f0a48225456ea.jpg
227220,Sang-Froid - Tales of Werewolves,0,799,http://media.steampowered.com/steamcommunity/public/images/apps/227220/348c2ad32169de7f798d38c00d65cd21032223f6.jpg
552590,The Sexy Brutale,0,265,http://media.steampowered.com/steamcommunity/public/images/apps/552590/e28ac9502c2115ed5377e7708afee9e569db1e7c.jpg
233130,Shadow Warrior,0,792,http://media.steampowered.com/steamcommunity/public/images/apps/233130/5d7c205ce18f17a99c95ff81499c2f496e0570f2.jpg
3900,Sid Meier's Civilization IV,0,0,http://media.steampowered.com/steamcommunity/public/images/apps/3900/297dc4f925d412fd0f8fe6f065dff58272e1b481.jpg
3990,Sid Meier's Civilization IV: Warlords,0,0,http://media.steampowered.com/steamcommunity/public/images/apps/3990/28e3eba4963b092268944d98ff1eda2044bb4ccf.jpg
8800,Sid Meier's Civilization IV: Beyond the Sword,0,0,http://media.steampowered.com/steamcommunity/public/images/apps/8800/0494812c3b3091ea6fed7acf8e0a6fa73d48cdc1.jpg
16810,Sid Meier's Civilization IV: Colonization,0,0,http://media.steampowered.com/steamcommunity/public/images/apps/16810/321fb29a4c82b4ccc3587d9967a3b9f8e3933a5a.jpg
34440,Sid Meier's Civilization IV,0,0,http://media.steampowered.com/steamcommunity/public/images/apps/34440/297dc4f925d412fd0f8fe6f065dff58272e1b481.jpg
34450,Sid Meier's Civilization IV: Warlords,0,0,http://media.steampowered.com/steamcommunity/public/images/apps/34450/28e3eba4963b092268944d98ff1eda2044bb4ccf.jpg
34460,Sid Meier's Civilization IV: Beyond the Sword,0,0,http://media.steampowered.com/steamcommunity/public/images/apps/34460/0494812c3b3091ea6fed7acf8e0a6fa73d48cdc1.jpg
252330,Slender: The Arrival,0,136,http://media.steampowered.com/steamcommunity/public/images/apps/252330/11b78d079a277b24783b52967da73457ae2cfb57.jpg
97000,Solar 2,0,170,http://media.steampowered.com/steamcommunity/public/images/apps/97000/35753e134e2ad6fd3ff288b5ef721051d5558005.jpg
213670,South Park™: The Stick of Truth™,0,1134,http://media.steampowered.com/steamcommunity/public/images/apps/213670/afad8295902080fb2aedd9aaabb3e21c10eecc85.jpg
242570,Space Hulk,0,1395,http://media.steampowered.com/steamcommunity/public/images/apps/242570/a79d821a6273c02dff945c10911bb83db345bae3.jpg
50300,Spec Ops: The Line,0,605,http://media.steampowered.com/steamcommunity/public/images/apps/50300/55ae859a90d61c08f18ed3aa0ee2579169d2c2bf.jpg
221910,The Stanley Parable,0,183,http://media.steampowered.com/steamcommunity/public/images/apps/221910/d4958966dbc02d7a282c52552f71ce6910957b63.jpg
6060,"Star Wars: Battlefront 2 (Classic, 2005)",0,4,http://media.steampowered.com/steamcommunity/public/images/apps/6060/f6302406e215af8cff3533a747d30387f68bef2a.jpg
6020,STAR WARS™ Jedi Knight: Jedi Academy™,0,597,http://media.steampowered.com/steamcommunity/public/images/apps/6020/2e359a8df71ea18ddd77fda3f6b307e6e86ef910.jpg
32470,STAR WARS™ Empire at War: Gold Pack,0,1715,http://media.steampowered.com/steamcommunity/public/images/apps/32470/3f65d9be3af3083c07f1053dbf0b0653af7323b8.jpg
241540,State of Decay,0,1850,http://media.steampowered.com/steamcommunity/public/images/apps/241540/32fa1abe69d8d0fe2f4ebce58dc8a72129c114a0.jpg
329430,State of Decay: Year-One,0,292,http://media.steampowered.com/steamcommunity/public/images/apps/329430/735efd15df84e4a9ef9f64a980cd313f5ef325bf.jpg
252410,SteamWorld Dig,0,396,http://media.steampowered.com/steamcommunity/public/images/apps/252410/7757c90bbf65e312ea4871106250077e78007bc6.jpg
322190,SteamWorld Heist,0,868,http://media.steampowered.com/steamcommunity/public/images/apps/322190/5838d342266d56bdf4416d59d35939df5d52b2f0.jpg
571310,SteamWorld Dig 2,0,391,http://media.steampowered.com/steamcommunity/public/images/apps/571310/dd93b3ef55eca4f9b30dac04450bf03fed2c31a6.jpg
7800,Stubbs the Zombie in Rebel Without a Pulse,0,605,http://media.steampowered.com/steamcommunity/public/images/apps/7800/1f73397af6493956ff0b1cdadc427fabfe690fa7.jpg
322500,SUPERHOT,0,452,http://media.steampowered.com/steamcommunity/public/images/apps/322500/81839f0d50cb3e54c9aa7c69c04916f1e53d8c35.jpg
9420,Supreme Commander: Forged Alliance,0,2151,http://media.steampowered.com/steamcommunity/public/images/apps/9420/fe0bc9a05b7c2af87ddbb0a1c031c00f55897edb.jpg
9350,Supreme Commander,0,121,http://media.steampowered.com/steamcommunity/public/images/apps/9350/ebc51d0f50f1d964dd87e7000e517865436a24b9.jpg
206370,Tales from Space: Mutant Blobs Attack,0,375,http://media.steampowered.com/steamcommunity/public/images/apps/206370/c40e14fd864b88189dfe078f478a428fc25dae38.jpg
220780,Thomas Was Alone,0,208,http://media.steampowered.com/steamcommunity/public/images/apps/220780/14a9056a76a256fbcfe833dd1420d01eeba14abc.jpg
41500,Torchlight,0,475,http://media.steampowered.com/steamcommunity/public/images/apps/41500/b2a2a43e401dce3c69898b67b1b8af4481d96b08.jpg
200710,Torchlight II,0,3989,http://media.steampowered.com/steamcommunity/public/images/apps/200710/40776762bb63c4eded37d1a2b4431a90aa57ea84.jpg
364360,Total War: WARHAMMER,0,8398,http://media.steampowered.com/steamcommunity/public/images/apps/364360/918a2af60362c81e36dabb20bf99c4d1aea45ff8.jpg
594570,Total War: WARHAMMER II,0,61109,http://media.steampowered.com/steamcommunity/public/images/apps/594570/fe90760b3b9537216e52ccc5d88de2e67ac500c2.jpg
499520,The Turing Test,0,327,http://media.steampowered.com/steamcommunity/public/images/apps/499520/201c1b7cbaa51c1ff8b8510890465679c0196900.jpg
207610,The Walking Dead,0,801,http://media.steampowered.com/steamcommunity/public/images/apps/207610/87a13ae0a2a76488792924aa8bb0dd8a7760f931.jpg
261030,The Walking Dead: Season Two,0,677,http://media.steampowered.com/steamcommunity/public/images/apps/261030/8dd081faf73fb7ff57151a1498b7025e8fc85dc4.jpg
230190,War for the Overworld,0,2544,http://media.steampowered.com/steamcommunity/public/images/apps/230190/9fd8f2fec6b8967dc79d87b2a704f866c02cfcef.jpg
4570,"Warhammer 40,000: Dawn of War - Game of the Year Edition",0,154,http://media.steampowered.com/steamcommunity/public/images/apps/4570/a4c7a8cce43d797c275aaf601d6855b90ba87769.jpg
4580,"Warhammer 40,000: Dawn of War - Dark Crusade",0,1271,http://media.steampowered.com/steamcommunity/public/images/apps/4580/584fcb6284ffd2fcf378fb3c199a9275a0a01b2d.jpg
9310,"Warhammer 40,000: Dawn of War - Winter Assault",0,0,http://media.steampowered.com/steamcommunity/public/images/apps/9310/60d48bf5f8a11fc4aeacb546a20cb40f537290bf.jpg
9450,"Warhammer 40,000: Dawn of War - Soulstorm",0,64,http://media.steampowered.com/steamcommunity/public/images/apps/9450/d13abadb0f456659a634d2cd8286665a0c76a2c6.jpg
15620,"Warhammer 40,000: Dawn of War II",0,182,http://media.steampowered.com/steamcommunity/public/images/apps/15620/63d290e28741128c7f979d329401a6c83676ec66.jpg
20570,"Warhammer 40,000: Dawn of War II - Chaos Rising",0,2436,http://media.steampowered.com/steamcommunity/public/images/apps/20570/c336ad99c1fbd88afbcb9c1604fa78d0e6f470b4.jpg
56400,"Warhammer 40,000: Dawn of War II - Retribution",0,463,http://media.steampowered.com/steamcommunity/public/images/apps/56400/56241ad73fdc9a4d208d5417a0d9109e9a6e29cd.jpg
55150,"Warhammer 40,000: Space Marine - Anniversary Edition",0,782,http://media.steampowered.com/steamcommunity/public/images/apps/55150/46b0ce6e587472d1d56cc88dd32c8b57392f8b10.jpg
15500,The Wonderful End of the World,0,173,http://media.steampowered.com/steamcommunity/public/images/apps/15500/6af554955e5de9fb0ec16926dc6d11f036ee8e4e.jpg
2800,X2: The Threat,0,0,http://media.steampowered.com/steamcommunity/public/images/apps/2800/195f21c2b15297a98ca9f6e14e9f4c6e58ce6cff.jpg
200510,XCOM: Enemy Unknown,0,8833,http://media.steampowered.com/steamcommunity/public/images/apps/200510/48be2fee1d0d511b5c7313e1359beafd36ea92ed.jpg
268500,XCOM 2,0,7977,http://media.steampowered.com/steamcommunity/public/images/apps/268500/f275aeb0b1b947262810569356a199848c643754.jpg
673880,"Warhammer 40,000: Mechanicus",0,2791,http://media.steampowered.com/steamcommunity/public/images/apps/673880/47dfa2f06c3c27db8cb3a42813ebe4d12f291df5.jpg
480490,Prey,0,2255,http://media.steampowered.com/steamcommunity/public/images/apps/480490/5ef565e374f039469e4a5c332cd51584af7ec5db.jpg
1520,DEFCON,0,462,http://media.steampowered.com/steamcommunity/public/images/apps/1520/0d87acaf8788848d3c13df0fcd006b3b793bfb45.jpg
281610,Homeworld: Deserts of Kharak,0,762,http://media.steampowered.com/steamcommunity/public/images/apps/281610/55c757698d0a5f0a18fa9f49c01260fe8a327fd4.jpg
733990,I Can't Believe It's Not Gambling GOTY Edition,0,60,http://media.steampowered.com/steamcommunity/public/images/apps/733990/cad6c6f714ba5dc812f02d29f8ea4876ca76749f.jpg
1366290,Kill It With Fire: HEATWAVE,0,98,http://media.steampowered.com/steamcommunity/public/images/apps/1366290/b2b7e964ee27b23da79b3150178cbf16384abad3.jpg
500,Left 4 Dead,0,3377,http://media.steampowered.com/steamcommunity/public/images/apps/500/428df26bc35b09319e31b1ffb712487b20b3245c.jpg
550,Left 4 Dead 2,0,2421,http://media.steampowered.com/steamcommunity/public/images/apps/550/7d5a243f9500d2f8467312822f8af2a2928777ed.jpg
953490,CARRION,0,0,http://media.steampowered.com/steamcommunity/public/images/apps/953490/e6f76f606f82cdadbdac5cc829410eac3ab029ac.jpg
232970,Thunder Wolves,0,0,http://media.steampowered.com/steamcommunity/public/images/apps/232970/c9097ccf5e939e7b9e5f286408650ab642e1142c.jpg
469820,Genital Jousting,0,9,http://media.steampowered.com/steamcommunity/public/images/apps/469820/6c75b49fb3dcf2f3903878e274a13e44d100b85a.jpg
3730,Aliens versus Predator Classic 2000,554,554,http://media.steampowered.com/steamcommunity/public/images/apps/3730/5147be4e00ae6393d790188e8b96325a64ce22b1.jpg
1150440,Aliens: Dark Descent,0,0,http://media.steampowered.com/steamcommunity/public/images/apps/1150440/97e41160b136c61d7eca33ed195bf53c3158d839.jpg
245390,"I Have No Mouth, and I Must Scream",0,248,http://media.steampowered.com/steamcommunity/public/images/apps/245390/9b6679ba690284576d98e257f792978404f6f518.jpg
1150440,Aliens: Dark Descent,0,4070,http://media.steampowered.com/steamcommunity/public/images/apps/1150440/97e41160b136c61d7eca33ed195bf53c3158d839.jpg
2536530,The Pony Factory,0,40,http://media.steampowered.com/steamcommunity/public/images/apps/2536530/0c5334a86b02b2e6bd4dc704c0d111ace47f3699.jpg
1935660,Chop Goblins,0,207,http://media.steampowered.com/steamcommunity/public/images/apps/1935660/f5372e1fed7f69b590e427b705cb8569001db2f0.jpg
1179210,Kill It With Fire,0,140,http://media.steampowered.com/steamcommunity/public/images/apps/1179210/6fd4268c9e467fbe5f28a307240c40622e532eed.jpg